User Input,Chatbot Response,Timestamp
Tell me about science,"Science is the systematic study of the natural world, aiming to understand phenomena and make discoveries.",2025-03-24 22:53:34
Tell me about science,"Science is the systematic study of the natural world, aiming to understand phenomena and make discoveries.",2025-03-24 22:57:16
what is science,"Mindfulness techniques include meditation, deep breathing, body scanning, and mindful eating.",2025-03-24 22:57:31
What is science?,"Mindfulness techniques include meditation, deep breathing, body scanning, and mindful eating.",2025-03-24 22:59:47
Tell me about languages,"Learning a new language can expand your horizons, enhance cognitive abilities, and facilitate cross-cultural interactions.",2025-03-24 22:59:59
What is your purpose,My purpose is to assist you,2025-03-25 20:20:25
Tell me about artificial intelligence,"Emotional intelligence (EQ) is the ability to understand and manage emotions, both in oneself and others.",2025-03-25 20:30:57
Tell me about the future,Growing a vegetable garden allows you to enjoy fresh produce and connect with nature.,2025-03-25 20:37:03
What is Science?,I'm still learning. Could you rephrase that?,2025-03-25 20:55:25
What is Science?,"Mindfulness is the practice of being fully present in the moment, observing thoughts and feelings without judgment.",2025-03-25 20:56:36
Tell me about the future,"The future of technology may include AI advancements, renewable energy solutions, and even the possibility of space colonization.",2025-03-25 20:56:57
